host_time_s,t_ms,ax1,ay1,az1,gx1,gy1,gz1,yaw1,pitch1,roll1,ax2,ay2,az2,gx2,gy2,gz2,yaw2,pitch2,roll2,emg1,emg2
1771521953.618317,271555,0.09,-0.02,-0.08,-176.37,-86.12,88.62,1.75,0.44,-3.31,-0.06,-0.01,0.02,145.94,58.00,318.06,-0.44,0.50,-0.06,5,3
1771521953.619103,271746,0.02,0.00,-0.03,-176.62,-86.44,89.00,0.69,-4.62,1.75,0.03,-0.08,0.00,145.81,58.00,318.00,0.69,-0.06,-0.06,5,4
1771521953.619854,271936,0.07,0.13,-0.15,-176.50,-86.44,89.19,6.19,-4.75,1.94,0.00,-0.11,-0.11,145.81,57.69,317.62,-0.19,-2.37,1.50,5,4
1771521953.620527,272127,0.00,-0.28,0.04,-3.94,-85.94,91.44,13.25,-2.50,2.06,-0.02,-0.06,-0.06,145.94,57.19,317.19,-0.37,-1.19,1.44,4,4
1771521953.621066,272318,0.01,0.05,0.00,-4.00,-85.81,92.12,0.00,-2.06,0.62,-0.04,-0.11,-0.11,145.75,56.94,316.87,-0.06,0.19,0.62,4,4
1771521953.621598,272508,0.05,-0.03,0.00,-4.12,-85.62,92.19,-0.62,-1.44,-0.06,-0.01,-0.09,0.01,145.69,57.00,316.87,0.13,1.25,-0.37,4,4
1771521953.622173,272699,0.08,-0.18,-0.07,-3.94,-85.81,92.25,-2.81,-1.37,-2.50,-0.08,-0.15,-0.09,145.62,57.19,316.94,-0.19,1.19,-0.88,4,3
1771521953.622788,272890,-0.01,-0.34,0.05,-2.94,-86.19,91.19,-26.94,-7.56,-10.69,-0.02,-0.03,-0.07,145.75,57.63,317.37,0.62,4.06,-1.25,3,2
1771521953.623341,273080,0.05,0.51,0.02,-0.81,-86.94,86.44,-33.81,2.69,-3.62,0.00,-0.10,0.00,145.19,57.63,316.94,2.37,-0.62,-1.31,2,1
1771521953.623836,273271,0.07,0.00,0.00,-0.44,-87.25,84.44,-1.31,0.62,2.44,0.00,-0.05,-0.01,145.25,57.63,316.69,0.62,0.88,-0.88,2,2
1771521953.638599,273462,0.17,0.13,-0.07,-0.69,-87.37,83.87,0.19,-0.69,-0.19,-0.02,-0.10,-0.01,145.19,57.75,316.81,0.25,-0.88,-0.88,2,1
1771521953.829491,273653,-0.10,0.10,0.00,-1.25,-86.00,84.56,13.44,-6.12,5.69,-0.01,-0.06,-0.10,145.69,57.56,316.69,0.56,-3.25,0.13,4,2
1771521954.019977,273843,-0.27,0.37,0.28,-3.75,-83.69,87.06,47.13,-11.81,15.00,-0.17,-0.11,0.02,146.19,57.25,316.87,-0.75,-0.75,-3.56,3,2
1771521954.210355,274033,-0.03,-0.52,0.01,-4.56,-83.25,92.00,-0.62,2.31,-5.81,0.02,0.00,-0.04,146.87,57.44,317.56,2.37,2.62,-3.94,3,1
1771521954.400001,274223,0.12,-1.02,-0.06,-2.94,-85.00,90.87,-52.94,13.06,-14.94,0.02,0.15,0.00,146.87,58.19,318.00,-0.31,2.94,0.69,3,2
1771521954.589737,274413,-0.10,0.88,-0.19,0.62,-88.56,82.50,-43.75,34.69,-21.25,0.09,-0.09,-0.08,145.44,57.13,315.25,3.81,-5.62,5.12,4,2
1771521954.782014,274605,0.15,0.02,-0.13,177.06,-86.94,81.81,3.69,-0.37,0.50,-0.12,-0.01,-0.08,144.06,56.38,312.44,6.00,-3.81,5.31,4,2
1771521954.972716,274796,-0.11,0.09,0.21,177.81,-87.75,81.19,-2.62,-6.62,1.31,-0.16,-0.13,-0.21,141.94,55.13,309.44,7.69,2.37,0.69,5,4
1771521955.163103,274987,-0.20,0.05,0.10,178.12,-88.12,79.44,-5.37,5.37,3.56,0.01,0.32,-0.26,136.87,54.94,301.81,35.13,7.44,-4.69,5,4
1771521955.353395,275176,0.57,0.15,-0.47,-179.25,-88.87,74.69,-16.25,13.81,6.25,-0.12,-0.56,-0.32,136.37,55.94,303.31,-7.50,-1.31,8.63,5,5
1771521955.543015,275366,-0.26,0.30,0.52,-177.50,-87.44,71.69,11.63,-16.94,15.06,0.16,-0.25,0.04,137.62,53.63,302.56,-7.19,-8.25,-4.94,6,6
1771521955.735601,275559,0.21,0.16,-0.06,-2.25,-87.69,72.56,-1.37,-6.44,-7.25,0.02,0.04,-0.12,139.37,53.88,303.50,-3.19,0.37,-1.19,5,6
1771521955.926065,275749,-0.21,0.16,0.02,-1.56,-87.81,73.06,-2.37,-3.87,-5.94,0.12,0.05,0.04,139.62,54.63,304.62,-1.44,0.62,-3.56,5,6
1771521956.116737,275940,0.44,-0.04,-0.36,0.25,-88.56,74.37,-13.81,-8.63,-20.62,0.11,0.24,-0.02,140.50,54.69,305.94,-5.94,2.50,1.94,5,7
1771521956.306044,276130,0.43,0.07,-0.17,1.87,-87.12,74.69,3.94,5.06,2.44,0.01,-0.01,-0.08,141.06,54.06,305.81,0.62,-5.25,1.19,6,8
1771521956.496032,276319,-0.11,0.16,0.19,0.19,-87.44,74.06,16.87,0.62,30.19,0.02,-0.07,-0.13,141.56,53.69,305.37,0.31,-5.25,0.13,7,9
1771521956.688524,276512,-0.05,0.25,0.12,-5.19,-84.31,71.19,-2.50,0.25,8.00,0.04,0.01,-0.07,142.19,53.25,305.75,0.13,-0.31,1.94,6,9
1771521956.879462,276703,0.02,0.10,0.05,-3.56,-85.69,71.19,-10.56,-3.94,-18.12,0.12,0.07,-0.03,141.69,53.00,305.31,-2.87,-1.62,6.12,5,7
1771521957.070106,276893,0.22,-0.27,-0.08,-1.87,-87.19,72.50,3.19,0.56,-2.00,0.06,-0.03,-0.12,141.31,52.31,304.37,1.19,-1.06,-0.25,6,7
1771521957.259941,277083,0.18,0.20,-0.08,-1.19,-87.37,71.81,-8.44,-0.25,-1.00,0.03,-0.16,-0.17,141.31,52.25,304.87,-6.00,2.81,4.19,6,6
1771521957.449516,277273,-0.05,0.07,0.13,-1.31,-86.69,71.44,1.37,1.12,-3.69,-0.01,-0.05,-0.06,141.25,52.50,305.81,1.25,0.50,0.50,5,5
1771521957.642121,277465,-0.69,0.68,0.56,-0.25,-87.44,72.25,-2.94,6.06,-7.94,0.08,-0.05,0.17,141.62,53.56,307.25,-9.56,18.81,-10.06,5,5
1771521957.832798,277656,0.72,-0.47,-0.45,177.44,-87.19,76.87,11.94,6.50,-5.06,-0.04,-0.08,-0.12,141.75,56.44,311.50,-4.37,5.69,-0.56,7,7
1771521958.023573,277847,-0.62,0.34,0.58,2.12,-87.81,76.87,-5.50,-5.94,-0.06,-0.05,-0.11,-0.08,141.87,57.25,313.50,-6.44,2.31,-0.94,7,6
1771521958.213102,278036,0.15,-0.14,-0.10,1.37,-88.25,76.69,1.62,-21.31,9.25,-0.03,-0.04,0.15,141.81,57.19,314.06,-0.56,-1.06,4.25,6,5
1771521958.402863,278226,-0.48,0.08,0.28,-0.13,-85.50,75.06,1.25,-2.75,3.69,-0.01,-0.11,0.08,141.69,57.06,313.87,-0.81,-1.94,-0.13,5,4
1771521958.595793,278419,0.17,0.04,-0.05,-0.44,-85.69,74.37,-3.69,-0.81,0.56,-0.01,-0.08,-0.03,141.87,56.75,313.50,1.25,-3.31,-0.19,6,4
1771521958.786052,278609,-0.18,0.11,0.16,-0.69,-85.37,73.50,-3.44,4.87,0.75,0.00,-0.01,-0.06,142.37,56.25,312.62,2.56,-5.37,-1.81,6,4
1771521958.976314,278800,0.16,0.23,-0.06,-1.12,-85.69,72.75,2.25,-12.88,6.31,0.05,0.00,0.00,142.69,56.19,312.19,2.56,-2.19,-0.19,4,4
1771521959.166009,278989,0.17,0.12,-0.05,-1.44,-85.25,73.00,1.31,5.62,-3.56,0.04,-0.18,-0.16,142.50,55.88,311.56,-1.37,0.50,0.56,4,4
1771521959.355873,279179,0.19,0.00,0.04,-0.69,-86.75,74.06,2.50,19.25,-5.25,-0.15,-0.05,0.07,142.19,56.31,311.31,3.75,1.94,-3.19,4,4
1771521959.548857,279372,0.04,-0.15,0.03,-0.44,-88.37,74.87,2.62,1.37,0.94,-0.07,-0.02,-0.13,142.37,56.31,310.75,9.44,-9.81,-2.12,4,5
1771521959.739391,279563,0.00,0.00,0.06,-0.75,-88.25,74.25,-6.12,-5.44,5.12,-0.09,-0.02,-0.04,142.81,55.50,307.37,8.69,-6.81,-3.44,2,3
1771521959.929935,279753,-0.03,0.25,0.14,-1.56,-87.31,71.94,-7.94,-3.25,-0.69,0.04,-0.18,0.01,142.19,55.25,306.06,-0.13,3.37,2.87,1,4
1771521960.119321,279943,0.07,-0.07,0.00,-0.88,-87.44,72.00,1.87,-1.06,-5.62,0.07,-0.11,-0.06,141.44,55.13,305.87,0.06,-0.94,2.31,2,3
1771521960.309132,280133,0.13,0.04,0.00,-0.44,-86.81,72.75,2.81,-6.31,2.12,0.02,-0.27,0.07,141.69,54.94,306.06,-5.44,0.44,-1.12,3,4
1771521960.502295,280325,-0.23,-0.20,0.15,0.00,-85.69,75.25,11.63,-1.25,-1.31,-0.03,-0.08,-0.08,142.81,54.94,307.37,-5.44,0.81,2.06,3,4
1771521960.692718,280516,0.17,-0.23,0.03,0.00,-86.25,76.87,0.19,5.31,-2.87,-0.03,-0.05,-0.17,143.12,54.88,308.50,-3.44,1.94,-0.50,3,4
1771521960.883455,280707,-0.02,0.18,0.01,0.06,-86.37,76.00,-3.12,-0.94,5.56,0.00,-0.04,-0.11,143.62,55.00,309.19,-0.50,-0.44,-1.44,4,4
1771521961.072343,280896,0.05,0.01,0.00,-0.75,-86.25,75.12,-0.56,0.19,1.37,0.00,-0.06,-0.07,143.75,55.13,309.25,1.06,1.56,-1.06,3,4
1771521961.263901,281087,-0.01,0.10,-0.02,-0.94,-86.12,74.56,0.37,0.31,0.81,-0.01,-0.13,-0.04,143.62,55.38,309.37,-0.56,0.94,-0.44,3,4
1771521961.455755,281279,0.04,-0.01,0.00,-1.19,-86.12,74.75,3.44,-0.75,0.31,-0.03,-0.11,-0.06,143.75,55.44,309.75,-0.94,-0.13,0.19,4,4
1771521961.646260,281470,0.02,0.00,0.01,-1.25,-85.94,74.87,-0.88,0.00,0.81,0.00,-0.06,-0.04,143.81,55.44,309.81,0.13,-0.37,-1.19,3,4
1771521961.836730,281660,0.11,0.05,-0.09,-1.50,-85.94,74.56,0.19,0.00,1.44,0.04,-0.03,0.03,143.94,55.50,309.87,1.37,-0.56,-0.56,3,3
1771521962.027897,281851,0.03,0.08,-0.02,-1.62,-85.75,74.37,-0.56,-2.81,1.06,-0.03,-0.10,-0.08,143.94,55.38,309.56,1.06,-0.44,0.13,3,4
1771521962.218082,282042,0.13,0.08,-0.04,-1.87,-85.50,74.37,4.87,5.94,-0.94,-0.14,-0.22,-0.16,143.87,55.56,309.56,-1.12,0.50,0.37,2,4
1771521962.409325,282233,-0.11,-0.07,0.00,-1.69,-85.56,75.00,-1.19,-1.00,-0.31,0.03,-0.04,0.00,143.69,55.63,309.69,0.37,0.56,-0.56,2,3
1771521962.599816,282423,0.08,0.00,-0.09,-1.75,-85.69,74.56,-1.19,-0.13,0.75,0.00,-0.11,-0.06,143.75,55.63,309.62,0.13,-0.37,0.37,2,3
1771521962.790469,282614,0.01,0.00,-0.01,-1.87,-85.31,74.37,-0.69,-1.75,0.69,-0.03,-0.13,-0.10,143.75,55.50,309.50,0.31,-1.00,-0.25,2,3
1771521962.981209,282805,0.01,0.10,-0.02,-2.06,-85.12,74.06,-1.12,0.06,1.06,0.00,-0.06,-0.03,143.81,55.38,309.37,0.06,0.00,-0.25,4,4
1771521963.171342,282995,0.11,0.03,-0.08,-2.12,-85.06,74.00,1.31,-1.81,-0.75,0.00,-0.08,-0.01,143.81,55.31,309.31,-0.88,0.37,0.69,4,4
1771521963.362810,283186,0.05,-0.01,-0.06,-2.06,-84.94,74.12,-0.75,-0.19,0.44,-0.03,-0.13,-0.08,143.81,55.31,309.31,0.31,-0.25,0.19,4,4
1771521963.553219,283377,0.00,-0.01,0.00,-2.12,-84.75,74.00,0.50,-1.00,0.88,-0.06,-0.13,-0.12,143.87,55.31,309.31,-1.00,0.37,0.62,4,4
1771521963.743932,283567,0.18,-0.12,-0.15,-2.19,-84.75,74.00,-0.62,2.75,-0.62,0.00,-0.13,-0.04,143.87,55.38,309.37,0.69,-0.06,-0.31,4,4
1771521963.934922,283758,0.01,0.01,-0.02,-2.25,-84.69,73.81,0.44,-0.25,1.25,-0.03,-0.08,-0.09,143.87,55.31,309.31,0.00,-0.06,-0.44,5,5
1771521964.125051,283948,0.01,0.04,-0.07,-2.31,-84.62,73.62,-1.12,-1.31,0.50,-0.06,-0.10,-0.12,143.87,55.38,309.25,0.81,-0.56,-0.31,5,5
1771521964.316006,284139,0.07,0.02,-0.06,-2.31,-84.56,73.50,-0.06,0.25,0.81,-0.04,-0.09,-0.08,143.87,55.38,309.25,0.81,-0.13,-0.44,5,5
1771521964.506767,284330,0.01,0.03,-0.08,-2.37,-84.50,73.31,0.75,-0.81,0.19,-0.02,-0.09,-0.08,143.87,55.38,309.19,-0.13,0.13,-0.37,5,5
1771521964.697579,284521,0.13,-0.05,-0.13,-2.37,-84.50,73.37,0.75,-0.50,0.00,-0.04,-0.09,-0.09,143.94,55.31,309.12,0.50,-1.69,0.06,4,6
1771521964.888342,284712,0.01,0.16,-0.03,-2.56,-84.06,73.00,-0.88,-0.81,0.62,-0.07,-0.11,-0.12,144.00,55.19,308.94,0.19,-0.50,-0.31,3,5
1771521965.078032,284901,-0.03,0.05,-0.03,-2.62,-84.00,72.94,0.25,0.19,-0.69,-0.06,-0.13,-0.10,143.94,55.13,308.81,0.75,0.19,-0.44,3,6
1771521965.269652,285093,0.02,0.06,-0.07,-2.62,-84.00,72.94,-0.81,0.62,0.75,-0.03,-0.12,-0.08,144.06,55.19,308.81,0.50,0.37,-0.56,3,6
1771521965.460122,285284,0.07,0.03,-0.09,-2.62,-84.06,72.87,0.44,0.56,-0.06,-0.03,-0.11,-0.07,144.06,55.13,308.81,-0.44,0.06,0.50,3,6
1771521965.650676,285474,0.06,0.01,-0.10,-2.62,-84.06,72.87,0.56,-1.19,0.06,-0.02,-0.12,-0.10,144.00,54.88,308.44,0.69,-0.94,0.44,3,6
1771521965.841967,285665,0.01,0.11,-0.05,-2.62,-83.94,72.87,-0.06,-0.06,0.75,-0.05,-0.14,-0.09,143.94,54.81,308.25,-0.25,-0.25,0.00,2,5
1771521966.031591,285855,0.06,0.08,-0.14,-2.69,-83.87,72.87,-0.56,-0.19,0.25,-0.02,-0.10,-0.10,143.94,54.75,308.25,0.06,0.19,0.13,2,4
1771521966.222871,286046,0.05,0.08,-0.11,-2.69,-83.81,72.87,-0.75,0.06,1.31,0.00,-0.09,-0.08,143.94,54.75,308.19,0.19,-0.13,-0.13,1,5
1771521966.413404,286237,0.03,0.19,-0.06,-2.75,-83.75,72.75,0.13,-0.56,-0.13,-0.01,-0.05,-0.08,143.94,54.75,308.19,0.31,0.56,0.37,2,5
1771521966.604313,286428,0.03,-0.04,-0.04,-2.62,-83.81,73.00,0.44,-0.44,0.13,-0.04,-0.12,-0.06,143.94,54.75,308.19,0.00,0.00,-0.13,2,5
1771521966.794934,286618,0.03,0.08,-0.02,-2.62,-83.75,72.87,0.13,0.31,0.00,-0.05,-0.11,-0.10,143.94,54.81,308.25,0.13,-0.25,-0.37,2,5
1771521966.984698,286808,0.03,0.13,-0.08,-2.69,-83.81,72.81,0.13,-0.75,-0.50,-0.06,-0.07,-0.12,143.94,54.81,308.25,0.69,-0.50,-0.69,1,5
1771521967.176366,287000,0.04,0.17,-0.09,-2.75,-83.75,72.62,-1.12,-0.37,0.13,-0.02,-0.09,-0.10,144.06,54.81,308.25,0.19,-0.13,-0.19,1,5
1771521967.366941,287190,0.04,0.16,-0.05,-2.75,-83.69,72.62,-0.31,-0.75,-0.31,-0.04,-0.07,-0.10,144.06,54.81,308.25,0.06,0.00,0.00,1,5
1771521967.557446,287381,0.07,0.09,-0.03,-2.75,-83.56,72.75,-0.25,-1.81,0.25,-0.07,-0.10,-0.10,144.06,54.81,308.25,0.37,-0.06,0.19,3,6
1771521967.748175,287572,0.01,0.08,-0.05,-2.75,-83.50,72.75,0.13,-0.69,-0.31,0.00,-0.13,-0.11,144.00,54.75,308.19,0.25,-0.31,0.31,3,6
1771521967.936765,287760,0.02,0.00,0.01,-2.75,-83.44,72.81,0.19,-0.19,-0.25,-0.07,-0.12,-0.10,144.00,54.75,308.12,0.37,0.31,-0.88,3,6
1771521968.129322,287953,0.00,0.11,-0.05,-2.81,-83.44,72.69,0.19,1.31,-0.25,-0.01,-0.14,-0.07,144.19,54.81,308.25,0.13,0.69,-1.06,3,6
1771521968.320108,288144,0.12,0.05,-0.15,-2.56,-84.00,73.00,1.50,4.31,-2.87,-0.06,-0.11,-0.12,144.19,55.00,308.44,0.31,1.06,-1.25,4,5
1771521968.510991,288334,0.05,0.17,-0.08,-2.56,-84.06,72.94,-1.37,-1.50,1.81,0.00,-0.12,-0.06,144.25,55.00,308.44,0.06,-0.37,-0.31,4,6
1771521968.701704,288525,0.13,0.10,-0.09,-2.62,-83.81,72.87,-0.44,-0.94,-0.69,0.00,-0.15,-0.06,144.12,54.88,308.25,-0.37,0.00,0.50,5,5
1771521968.891171,288714,0.06,0.15,-0.07,-2.56,-83.62,72.94,-0.44,-1.00,0.37,-0.05,-0.12,-0.09,144.12,54.88,308.25,0.00,-0.13,0.31,5,4
1771521969.082923,288906,0.05,0.07,-0.10,-2.56,-83.56,72.94,-0.31,0.50,-0.06,-0.05,-0.16,-0.06,144.12,54.88,308.25,-0.25,0.44,0.37,5,4
1771521969.273888,289097,0.04,-0.06,-0.05,-2.56,-83.56,73.12,1.00,0.37,-0.44,-0.05,-0.12,-0.09,144.19,54.88,308.31,0.50,-0.50,-0.06,5,4
1771521969.464434,289288,0.06,0.15,-0.07,-2.75,-83.50,72.81,-0.44,0.75,0.50,-0.09,-0.12,-0.13,144.12,54.88,308.19,0.19,-0.50,-0.56,3,2
1771521969.655141,289479,0.05,0.00,-0.06,-2.69,-83.56,72.87,-0.13,-0.13,-0.19,-0.08,-0.11,-0.09,144.12,54.88,308.19,0.13,-0.50,-0.56,3,2
1771521969.844129,289668,0.08,0.21,-0.13,-2.75,-83.37,72.44,-3.25,-1.75,0.25,-0.02,-0.12,-0.15,144.06,54.69,307.75,0.62,-0.44,0.44,3,2
1771521970.035676,289859,0.09,0.19,-0.10,-2.75,-83.25,72.06,0.50,0.25,-2.50,-0.02,-0.13,-0.12,143.62,54.69,307.56,-0.62,1.50,0.62,3,2
1771521970.226306,290050,0.09,0.09,-0.08,-2.44,-83.37,72.69,0.31,-0.37,-1.25,-0.03,-0.18,-0.12,143.25,54.56,307.44,-2.12,1.00,1.31,3,3
1771521970.416605,290240,0.05,-0.16,-0.04,-2.44,-83.37,73.25,-0.06,2.37,-1.44,0.00,-0.17,-0.01,143.12,54.69,307.69,-0.31,1.56,-0.62,4,2
1771521970.608255,290431,0.07,-0.02,-0.11,-2.37,-83.56,73.12,-0.37,0.13,1.06,-0.01,-0.09,-0.05,143.25,54.75,307.75,-0.06,-0.44,-0.44,3,3
1771521970.795976,290620,0.01,0.06,-0.06,-2.62,-83.44,72.81,0.37,0.31,0.62,-0.02,-0.14,-0.10,143.25,54.75,307.69,0.25,-0.13,0.00,3,3
1771521970.987220,290811,0.03,0.04,-0.04,-2.69,-83.50,72.81,-0.25,0.06,0.56,0.00,-0.09,-0.10,143.25,54.69,307.69,0.62,0.13,-0.31,3,3
1771521971.178412,291002,0.03,0.02,-0.10,-2.69,-83.50,72.75,0.56,-0.25,0.31,-0.01,-0.10,-0.07,143.25,54.69,307.69,0.25,0.13,0.19,3,4
1771521971.368802,291192,0.00,0.08,-0.05,-2.69,-83.44,72.75,0.19,-1.62,0.62,-0.01,-0.13,-0.09,143.31,54.69,307.69,-0.19,-0.13,-0.37,3,4
1771521971.558047,291381,0.08,0.06,-0.04,-2.75,-83.25,72.69,-1.62,-0.44,1.31,-0.01,-0.11,-0.08,143.50,54.81,307.87,0.37,-0.13,-1.31,3,4
1771521971.747713,291571,0.04,0.12,-0.08,-2.81,-83.19,72.50,0.06,0.31,0.31,-0.04,-0.11,-0.09,143.56,54.94,308.00,-0.25,0.88,-0.37,2,5
1771521971.938692,291762,0.08,0.00,-0.04,-2.87,-83.12,72.50,-0.06,-0.69,0.94,-0.06,-0.06,-0.14,143.56,54.94,308.00,0.19,-0.13,-0.31,2,5
1771521972.126650,291950,0.02,0.08,-0.04,-26.06,-83.00,72.25,0.00,1.37,-0.44,-0.05,-0.07,-0.12,143.56,54.88,307.87,-0.13,0.50,-0.62,2,5
1771521972.316353,292140,0.02,0.14,-0.10,-26.50,-83.06,72.31,-0.25,0.56,-0.56,-0.04,-0.06,-0.10,143.56,54.88,307.87,0.50,-0.06,-0.19,1,6
1771521972.507409,292331,0.08,0.10,-0.09,-3.00,-83.19,72.31,-0.69,0.44,-0.19,-0.03,-0.11,-0.09,143.56,54.75,307.75,0.00,0.00,0.06,1,6
1771521972.698798,292522,0.06,0.16,-0.13,-3.00,-83.12,72.31,0.31,0.50,-0.44,-0.01,-0.08,-0.04,143.50,54.69,307.69,-0.31,-0.06,0.37,1,6
1771521972.890179,292714,0.02,0.02,-0.06,-25.56,-82.94,72.37,-1.12,-2.62,0.69,-0.02,-0.13,-0.10,143.50,54.44,307.37,-0.31,-0.81,0.69,1,6
1771521973.079231,292903,0.04,0.03,0.00,-26.12,-82.62,72.25,1.44,0.25,-0.25,-0.03,-0.07,-0.14,143.56,54.38,307.37,0.37,0.06,-0.44,2,5
1771521973.269344,293093,0.00,0.02,-0.05,-25.94,-82.62,72.19,0.50,-0.06,-0.62,-0.01,-0.08,-0.11,143.56,54.38,307.37,0.00,0.19,-0.19,2,5
1771521973.460481,293284,0.06,0.14,-0.08,-26.37,-82.62,72.06,-0.31,-0.44,0.25,-0.02,-0.16,-0.14,143.56,54.38,307.44,-0.62,0.19,0.88,2,5
1771521973.651422,293475,0.03,0.06,-0.07,-25.87,-82.69,72.19,0.25,0.19,-0.75,-0.06,-0.12,-0.11,143.50,54.44,307.44,-0.62,0.25,0.00,2,4
1771521973.842472,293666,0.02,0.07,0.00,-26.19,-82.69,72.19,-0.94,0.81,-0.31,-0.02,-0.10,-0.08,143.56,54.44,307.44,0.00,0.25,-0.56,2,4
1771521974.033949,293857,0.07,0.06,-0.10,-26.81,-82.81,72.12,0.13,-0.56,-0.06,-0.05,-0.02,-0.14,143.62,54.44,307.50,-0.25,-0.31,0.06,2,3
1771521974.223903,294047,0.05,0.07,-0.08,-26.69,-82.69,72.06,-0.06,-1.37,-0.31,-0.06,-0.12,-0.07,143.62,54.44,307.50,-0.25,-0.88,0.44,2,3
1771521974.415211,294239,-0.05,0.11,0.05,-25.56,-82.31,72.12,0.62,-2.00,0.13,-0.06,-0.12,-0.17,143.56,54.31,307.25,0.75,-0.37,0.25,2,3
1771521974.606395,294430,0.01,0.13,-0.06,-25.06,-82.31,72.12,1.00,-0.50,-0.56,-0.04,-0.11,-0.10,143.50,54.38,307.31,-0.50,0.44,-0.37,2,3
1771521974.796870,294621,0.01,0.07,-0.04,-25.19,-82.31,72.25,-1.37,0.44,0.31,-0.01,-0.11,-0.10,143.56,54.38,307.37,0.13,0.37,-0.62,2,3
1771521974.987787,294811,0.06,0.08,-0.05,-25.31,-82.31,72.19,0.75,0.81,-0.19,-0.07,-0.10,-0.14,143.62,54.44,307.44,-0.13,0.56,-0.44,2,3
1771521975.177403,295001,0.08,0.01,-0.02,-25.50,-82.44,72.19,0.19,0.37,-0.75,-0.04,-0.10,-0.08,143.69,54.63,307.69,0.06,0.69,-1.06,2,3
1771521975.368775,295192,0.09,0.14,-0.14,-26.56,-82.75,72.06,0.06,1.62,0.19,-0.04,-0.11,-0.07,143.75,54.75,307.87,-0.44,0.31,0.00,2,3
1771521975.559905,295383,0.02,0.03,-0.17,-26.50,-82.81,72.19,0.88,-0.88,-0.81,-0.01,-0.09,-0.04,143.62,54.63,307.69,-0.06,-0.81,1.94,2,3
1771521975.750121,295574,0.00,0.19,0.00,-24.62,-82.56,71.81,-5.31,-1.62,0.31,-0.05,-0.15,-0.09,143.06,54.44,307.06,0.62,-0.75,0.37,3,4
1771521975.939736,295763,0.00,0.09,-0.01,-25.06,-82.44,71.62,2.06,-0.19,-0.37,-0.07,-0.15,-0.09,143.12,54.38,307.06,-0.31,-0.44,0.13,3,5
1771521976.129989,295954,0.04,-0.06,-0.10,-24.31,-82.56,72.06,0.37,-0.37,0.25,-0.01,-0.11,-0.11,143.12,54.38,307.06,0.13,-0.69,-0.19,3,4
1771521976.321490,296145,0.02,0.06,-0.08,-25.44,-82.50,71.75,-0.25,0.31,0.88,-0.08,-0.13,-0.12,143.25,54.31,307.12,-1.31,0.37,-0.06,3,5
1771521976.512982,296337,0.00,0.01,-0.04,-25.50,-82.56,72.00,2.94,3.06,-2.37,-0.03,-0.08,-0.09,143.31,54.38,307.31,-0.31,0.00,-0.62,3,4
1771521976.703777,296527,0.11,0.12,-0.18,-26.19,-83.00,72.06,-1.19,-0.06,-0.25,0.00,-0.19,-0.10,143.37,54.31,307.31,-0.81,-1.81,1.31,4,5
1771521976.893169,296717,0.13,0.13,-0.13,-2.50,-83.37,72.12,-3.12,4.00,-2.62,0.02,-0.16,-0.06,143.25,54.44,307.50,-1.19,0.88,0.56,5,5
1771521977.083400,296907,-0.02,-0.03,0.02,-2.62,-83.37,72.25,-0.62,-1.37,1.50,0.00,-0.11,-0.07,143.25,54.44,307.56,-0.19,0.00,0.00,4,5
1771521977.274014,297098,0.05,0.05,-0.05,-2.75,-83.37,72.06,0.06,1.19,-0.25,0.03,-0.08,-0.03,143.25,54.44,307.56,-1.75,-0.44,0.62,4,6
1771521977.466037,297290,0.00,0.09,-0.13,-3.12,-83.37,69.81,-25.44,2.94,4.25,0.01,-0.13,-0.02,142.62,53.63,306.81,0.81,-1.62,3.62,5,5
1771521977.657066,297481,0.03,0.11,0.00,-3.69,-83.19,67.69,8.50,-2.81,0.69,-0.04,-0.04,-0.11,142.75,53.44,306.62,-1.87,-0.31,0.69,4,5
1771521977.846531,297670,-0.13,0.17,0.20,-3.50,-83.50,69.19,7.37,9.69,-6.19,-0.02,-0.15,0.00,142.62,53.44,306.62,2.44,2.69,-4.12,5,4
1771521978.034821,297859,0.02,-0.67,0.10,-2.00,-86.19,75.75,43.63,14.94,3.75,-0.03,-0.16,-0.11,144.25,55.19,308.44,-1.50,5.25,-10.13,5,4
1771521978.223065,298047,0.16,-0.16,-0.12,-2.37,-86.81,77.25,-7.31,-5.87,-2.50,0.04,0.01,0.03,144.50,56.00,309.81,0.00,2.25,-1.50,5,3
1771521978.411066,298235,0.09,0.00,-0.14,-2.06,-86.31,76.25,-4.12,1.12,0.06,0.01,-0.06,0.00,144.50,56.63,310.56,0.00,0.44,-0.56,4,3
1771521978.600005,298424,0.12,-0.06,-0.05,-2.19,-85.81,75.75,-2.50,-6.75,2.81,0.00,0.02,0.00,144.56,56.38,310.31,1.19,-3.19,1.62,3,2
1771521978.788512,298612,-0.10,0.14,0.02,-2.81,-84.50,74.31,-5.56,-4.62,3.87,0.00,-0.06,-0.07,144.50,55.81,309.62,0.06,-2.12,0.75,3,3
1771521978.979498,298803,0.04,0.03,0.00,-3.25,-83.94,73.50,-1.81,-0.50,1.12,0.00,-0.05,-0.07,144.50,55.56,309.19,1.00,-0.06,0.75,3,3
1771521979.171593,298995,0.03,0.10,0.00,-3.31,-83.87,73.06,-1.62,-0.88,-0.06,0.02,-0.02,0.00,144.25,55.44,308.94,-1.00,-0.06,0.69,3,3
1771521979.362922,299187,0.01,0.01,-0.02,-3.25,-83.87,73.12,-0.44,-1.50,-0.50,0.02,-0.01,-0.01,144.12,55.31,308.75,1.37,-0.62,0.62,3,4
1771521979.553350,299377,0.11,0.00,-0.06,-3.19,-83.87,73.19,0.75,-0.75,0.88,0.07,0.00,0.03,144.00,55.25,308.69,-0.37,0.00,0.81,4,5
1771521979.744155,299568,0.10,-0.09,-0.07,-3.06,-83.94,73.37,-0.44,-0.69,-0.19,0.04,-0.05,-0.03,143.87,55.19,308.50,0.13,-0.69,0.75,3,5
1771521979.935050,299759,0.06,0.00,-0.06,-3.12,-83.75,73.12,-0.50,-0.31,0.56,0.04,-0.05,-0.05,143.87,55.06,308.37,-0.75,-0.44,0.81,3,6
1771521980.126060,299950,0.08,-0.05,-0.05,-3.12,-83.56,73.12,-0.06,-1.62,-0.44,0.03,-0.02,-0.04,143.75,54.88,308.19,0.37,-1.00,0.81,3,6
1771521980.316455,300140,0.05,0.08,0.00,-3.19,-83.31,72.94,-0.13,-0.62,0.31,0.08,-0.03,0.00,143.69,54.75,308.06,-0.37,-0.50,0.56,3,7
1771521980.506251,300330,0.04,0.04,-0.02,-3.19,-83.25,72.94,-0.75,-1.69,-0.69,0.03,-0.04,-0.05,143.62,54.75,308.00,-0.37,0.25,0.81,3,7
1771521980.696965,300521,0.08,0.01,-0.05,-3.12,-83.25,73.00,-1.06,-0.19,-0.62,0.02,-0.01,-0.02,143.62,54.69,308.00,-0.06,-0.31,0.00,3,7
1771521980.888233,300712,0.03,0.01,-0.04,-3.12,-83.19,73.00,-0.75,-0.81,-0.56,0.04,-0.03,0.00,143.56,54.69,308.00,-0.13,-0.37,0.56,3,6
1771521981.079517,300903,0.04,-0.05,-0.05,-3.12,-83.12,73.06,-0.81,-1.50,0.56,0.02,-0.04,-0.02,143.56,54.63,307.94,0.25,-0.75,0.37,2,6
1771521981.269967,301094,0.06,0.06,-0.03,-27.87,-82.94,72.81,0.81,-1.19,-0.06,-0.02,0.00,-0.09,143.50,54.50,307.94,0.13,-0.69,0.94,1,5
1771521981.459456,301283,-0.03,-0.02,0.09,-26.31,-82.75,72.94,0.50,-1.31,-1.12,0.01,-0.05,0.00,143.44,54.44,307.75,0.50,0.25,0.31,1,4
1771521981.650181,301474,0.01,0.00,-0.01,-26.06,-82.81,73.00,0.69,0.31,0.00,0.05,-0.02,0.00,143.37,54.44,307.75,-0.50,0.13,-0.56,1,4
1771521981.841830,301666,0.03,0.00,-0.05,-26.12,-82.81,73.06,-0.13,-0.81,0.31,0.01,-0.02,-0.02,143.44,54.44,307.81,-0.50,-0.37,-0.13,1,4
1771521982.032882,301857,-0.01,0.02,0.00,-26.56,-82.75,73.00,-0.88,1.12,-0.25,0.04,-0.06,0.01,143.44,54.44,307.87,-0.13,0.31,-0.62,1,4
1771521982.223098,302047,0.06,0.02,-0.07,-26.94,-82.81,73.00,0.19,0.56,0.13,0.09,-0.02,-0.03,143.50,54.50,307.94,-0.50,0.75,-0.75,1,3
1771521982.412810,302237,0.11,-0.09,-0.09,-3.06,-83.19,73.25,2.56,2.75,-3.00,0.02,0.02,-0.02,143.56,54.88,308.56,-0.88,1.62,-0.69,2,3
1771521982.603546,302428,0.03,0.00,-0.09,-2.94,-83.44,73.44,-0.37,-0.56,0.31,0.07,0.01,0.04,143.56,54.94,308.62,0.37,0.00,0.13,2,3
1771521982.794632,302619,0.12,0.00,-0.14,-2.87,-83.44,73.44,1.06,-0.69,-0.94,0.04,-0.02,0.01,143.37,54.81,308.44,-0.25,-1.19,1.50,2,4
1771521982.985973,302810,-0.02,-0.04,-0.01,-25.12,-83.06,73.56,-1.37,-0.81,0.75,0.07,-0.04,0.00,143.37,54.56,308.06,0.37,-0.88,0.25,3,5
1771521983.176256,303001,0.07,0.00,-0.06,-25.87,-83.00,73.31,0.19,0.06,0.13,0.08,0.00,0.01,143.50,54.44,308.00,-0.69,0.25,0.75,4,5
1771521983.367385,303191,0.04,-0.08,0.00,-25.37,-83.00,73.37,-0.62,1.12,0.19,0.05,-0.03,0.02,143.50,54.44,308.00,-0.13,-0.19,-0.31,3,5
1771521983.557423,303382,0.07,0.03,-0.12,-26.12,-83.06,73.25,0.00,0.06,0.06,0.08,0.01,0.06,143.50,54.44,308.00,0.19,0.13,0.37,4,5
1771521983.748638,303572,0.09,-0.12,-0.09,-25.25,-83.00,73.31,0.31,-2.00,0.69,0.10,-0.03,-0.03,143.44,54.25,307.81,0.56,-1.44,-0.44,4,5
1771521983.939264,303763,0.01,0.13,0.00,-26.25,-82.44,72.62,-1.62,0.69,4.06,0.06,-0.04,0.00,144.00,54.06,307.69,-0.31,-2.06,-1.12,4,6
1771521984.129695,303954,0.02,0.07,-0.06,-28.31,-82.31,72.25,0.69,0.69,-0.62,0.11,0.00,0.00,144.12,54.00,307.81,-1.50,0.62,0.75,5,7
1771521984.319577,304144,0.04,-0.04,-0.09,-28.25,-82.31,72.31,-1.25,-1.06,1.75,0.04,0.00,-0.01,144.19,53.94,307.75,0.13,-0.37,0.94,4,7
1771521984.507866,304332,0.02,0.05,-0.02,-28.31,-82.06,71.94,1.06,-1.37,-1.12,0.06,-0.05,0.02,143.94,53.75,307.50,-0.37,0.50,1.81,4,7
1771521984.697518,304522,0.08,-0.07,-0.02,-25.81,-82.00,72.50,1.19,-0.69,-0.81,0.10,-0.01,0.07,143.62,53.63,307.25,-0.13,0.50,0.75,4,7
1771521984.889559,304714,0.02,-0.03,-0.02,-25.25,-82.06,72.62,0.94,1.12,-0.31,0.10,-0.04,0.03,143.56,53.63,307.25,-0.37,0.25,-0.19,4,6
1771521985.082017,304906,0.00,-0.11,-0.05,-25.87,-82.31,72.62,-1.44,1.37,-0.31,0.07,-0.07,0.05,143.62,53.63,307.31,-0.50,-0.25,-1.87,4,6
1771521985.272052,305096,0.10,-0.24,0.00,-24.69,-82.75,73.25,3.87,1.81,-2.12,0.07,0.02,-0.04,144.06,53.69,307.50,-0.56,-0.06,-0.37,4,6
1771521985.462347,305287,0.00,-0.03,0.00,-24.81,-82.75,73.19,0.31,-0.69,0.13,0.09,0.01,0.05,144.19,53.75,307.62,0.00,0.37,-0.56,4,6
1771521985.654435,305479,0.10,0.03,-0.15,-25.69,-82.75,72.94,0.37,0.44,0.56,0.09,0.02,0.06,144.06,53.88,307.75,-0.31,0.37,0.31,4,5
1771521985.845486,305670,0.00,0.04,0.00,-26.12,-82.50,72.75,-0.19,-0.75,0.88,0.08,0.00,0.08,144.06,53.88,307.75,0.13,0.31,0.31,4,4
1771521986.036712,305861,0.05,-0.01,-0.05,-26.06,-82.37,72.75,0.50,-0.75,-0.25,0.16,-0.01,0.06,144.00,53.88,307.75,-0.13,0.50,0.44,5,3
1771521986.227053,306051,0.06,0.05,0.00,-25.69,-82.31,72.62,-1.00,0.25,0.50,0.10,-0.04,0.06,143.94,53.94,307.75,-0.19,0.31,0.19,5,3
1771521986.417694,306242,0.07,0.03,-0.05,-25.94,-82.31,72.62,-0.56,0.94,-0.25,0.09,-0.01,0.06,143.94,53.88,307.75,-0.06,0.31,0.50,5,3
1771521986.608569,306433,0.07,-0.04,-0.08,-25.50,-82.44,72.75,0.81,0.25,-0.62,0.09,-0.02,0.07,143.94,53.81,307.62,0.25,-0.75,0.56,4,3
1771521986.799341,306623,0.04,0.04,-0.07,-25.37,-82.25,72.62,-0.94,-1.44,1.00,0.07,-0.06,0.08,143.94,53.63,307.44,0.13,-0.81,0.81,4,3
1771521986.989742,306814,0.01,0.08,-0.10,-24.75,-82.06,72.56,0.13,-1.62,-0.13,0.06,-0.01,0.02,143.87,53.44,307.25,0.50,-0.69,0.62,3,2
1771521987.179712,307004,0.08,0.10,-0.07,-24.37,-81.81,72.44,-1.75,-0.56,1.00,0.09,-0.02,0.07,143.87,53.38,307.12,-0.44,-0.37,1.25,3,2
1771521987.367696,307192,0.14,-0.02,-0.19,-23.50,-81.50,72.37,-0.75,-3.44,-1.81,0.15,0.04,0.14,143.62,52.88,306.62,-0.19,-1.00,3.00,3,3
1771521987.556988,307381,-0.03,0.02,0.00,-19.56,-80.75,72.50,-0.62,-2.75,0.50,0.10,-0.05,0.07,143.31,52.50,306.06,0.19,-0.37,1.81,3,3
1771521987.746013,307570,0.04,-0.02,0.00,-18.69,-80.50,72.62,1.31,-0.81,-0.81,0.09,-0.05,0.04,143.12,52.38,305.87,0.19,-0.37,0.50,2,3
1771521987.934084,307758,0.01,0.00,-0.06,-18.31,-80.56,72.69,0.31,1.12,-1.62,0.11,0.00,0.07,143.12,52.38,305.87,0.31,-0.44,-0.37,1,4
1771521988.123496,307948,0.07,0.06,-0.10,-18.50,-80.75,72.56,-2.25,-0.37,0.75,0.11,-0.01,0.11,143.19,52.25,305.81,0.25,-1.31,0.44,1,3
1771521988.314801,308139,0.00,0.13,-0.01,-18.81,-80.56,72.25,-0.31,-0.56,0.31,0.09,-0.02,0.04,143.19,52.13,305.62,-0.25,-0.37,0.62,1,3
1771521988.505361,308330,0.01,0.05,-0.02,-18.81,-80.50,72.31,-0.37,-0.31,0.00,0.10,-0.06,0.06,143.19,52.13,305.62,0.37,0.44,-0.13,1,3
1771521988.696030,308520,0.06,-0.01,-0.06,-18.94,-80.62,72.37,1.12,0.69,-0.75,0.11,-0.02,0.08,143.19,52.13,305.62,0.13,0.13,-0.37,1,4
1771521988.886566,308711,0.00,0.09,-0.03,-19.19,-80.62,72.31,-0.06,-0.50,-0.13,0.13,-0.02,0.05,143.25,52.19,305.69,0.00,0.06,-0.94,1,4
1771521989.076072,308900,0.02,0.07,-0.04,-19.94,-80.75,72.19,-1.44,1.50,0.50,0.13,-0.02,0.07,143.37,52.25,305.87,0.62,0.06,-0.62,1,4
1771521989.267503,309092,0.10,0.07,-0.09,-20.25,-80.94,72.06,0.56,0.19,0.00,0.13,-0.02,0.12,143.37,52.31,305.87,-0.56,0.19,0.13,2,3
1771521989.458440,309283,0.02,-0.03,0.00,-20.44,-80.94,72.25,-0.44,0.50,0.44,0.13,-0.01,0.11,143.37,52.31,305.87,0.37,0.06,-0.44,2,4
1771521989.649172,309473,0.05,0.06,-0.06,-20.75,-81.06,72.12,0.81,0.81,-0.56,0.17,0.01,0.14,143.37,52.31,305.87,-0.31,-0.13,0.37,2,3
1771521989.839811,309664,0.07,0.00,-0.04,-20.69,-81.12,72.25,0.88,-0.62,-0.75,0.13,0.00,0.09,143.37,52.25,305.81,0.31,-0.62,0.50,2,3
1771521990.030323,309855,0.02,0.03,-0.05,-20.56,-81.12,72.25,-0.31,0.62,-0.31,0.14,0.01,0.13,143.31,52.25,305.81,0.37,0.25,-0.06,2,3
1771521990.221139,310045,0.12,0.04,-0.13,-20.12,-81.19,72.31,0.44,-2.12,-0.25,0.11,-0.02,0.09,143.12,52.25,305.69,-0.25,-1.25,1.31,2,3
1771521990.412064,310236,0.02,-0.01,0.01,-19.69,-80.94,72.56,-0.50,0.00,0.13,0.13,-0.05,0.07,143.06,52.19,305.56,-0.06,0.06,0.00,5,4
1771521990.602413,310427,0.00,0.02,-0.10,-19.62,-80.94,72.50,0.75,1.00,-0.44,0.14,0.00,0.08,143.00,52.19,305.56,0.13,-0.06,0.06,5,5
1771521990.793100,310617,0.10,-0.01,-0.08,-20.00,-81.06,72.50,0.00,-0.50,1.06,0.10,0.00,0.04,143.00,52.25,305.62,-0.13,-0.25,0.06,5,5
1771521990.983897,310808,-0.01,0.11,-0.03,-20.37,-80.81,72.25,0.13,-0.44,-0.37,0.12,-0.04,0.06,143.00,52.31,305.69,-0.25,0.13,0.00,5,5
1771521991.174482,310999,0.04,0.00,-0.08,-20.06,-80.81,72.31,1.31,-0.06,-0.81,0.09,-0.01,0.00,142.94,52.31,305.69,-0.19,-0.75,0.25,5,5
1771521991.365371,311190,0.04,0.10,-0.09,-19.94,-80.81,72.25,-0.25,0.19,0.44,0.11,-0.03,0.05,142.94,52.31,305.69,-0.50,-0.06,-0.06,6,6
1771521991.555800,311380,0.07,0.00,-0.11,-19.94,-80.81,72.31,-0.19,-0.13,-0.56,0.13,-0.05,0.11,142.94,52.31,305.69,0.06,0.31,0.50,6,7
1771521991.746600,311571,0.03,0.01,-0.01,-19.50,-80.75,72.25,-0.19,0.13,0.06,0.10,-0.06,0.02,142.87,52.31,305.62,-0.37,0.19,0.31,6,7
1771521991.937310,311761,0.00,0.00,-0.10,-19.50,-80.81,72.25,0.06,0.06,-0.06,0.11,-0.03,0.11,142.87,52.38,305.69,-0.06,0.94,0.50,5,7
1771521992.127910,311952,0.05,0.00,-0.10,-19.12,-80.81,72.37,1.06,-0.75,-0.62,0.13,-0.05,0.11,142.81,52.38,305.75,-0.50,0.06,0.37,5,7
1771521992.318636,312143,0.00,0.01,-0.06,-19.06,-80.69,72.44,-0.19,0.69,0.94,0.14,-0.02,0.10,142.87,52.44,305.81,-0.25,0.62,-0.69,3,6
1771521992.509189,312334,-0.03,0.06,-0.06,-19.50,-80.75,72.44,1.19,0.06,0.00,0.11,0.01,0.06,142.87,52.50,305.94,0.06,-0.19,-1.00,2,6
1771521992.699185,312523,0.06,0.12,-0.10,-20.25,-80.81,72.25,-1.94,0.37,0.75,0.11,0.00,0.07,142.94,52.56,306.00,-0.13,-0.44,0.00,2,6
1771521992.890215,312714,0.03,0.08,-0.08,-20.56,-80.81,72.19,0.56,0.00,-0.19,0.12,-0.01,0.08,143.00,52.50,306.00,-0.25,-0.06,0.69,2,6
1771521993.081282,312906,0.04,0.00,-0.09,-20.50,-80.81,72.31,0.56,-0.31,-0.19,0.11,-0.03,0.08,142.94,52.56,306.06,0.37,-0.31,0.19,3,5
1771521993.271992,313096,0.03,0.00,-0.09,-20.44,-80.81,72.31,0.56,-0.50,0.37,0.08,-0.03,0.09,142.94,52.56,306.06,0.06,-0.31,0.56,2,4
1771521993.462614,313287,0.02,-0.01,-0.06,-19.87,-80.62,72.31,0.31,-1.06,0.88,0.09,-0.04,0.02,142.94,52.50,306.00,0.31,-0.62,0.13,2,4
1771521993.653076,313478,0.00,0.07,-0.05,-20.56,-80.37,72.06,0.31,-0.06,0.44,0.09,0.00,0.00,142.94,52.50,305.94,-0.50,0.06,0.13,2,5
1771521993.843005,313667,0.03,0.04,-0.09,-20.44,-80.37,72.12,1.31,0.31,-0.75,0.10,-0.02,0.02,143.00,52.50,306.06,-0.50,0.19,-0.19,3,4
1771521994.034460,313859,0.04,0.10,-0.13,-20.25,-80.44,72.19,-0.50,0.31,0.50,0.08,-0.04,0.03,143.00,52.50,306.06,-0.31,0.19,0.19,3,4
1771521994.225618,314050,0.05,0.03,-0.13,-20.25,-80.44,72.25,-0.13,-0.25,-0.06,0.11,-0.02,0.04,143.00,52.56,306.19,-0.37,0.19,0.06,3,4
1771521994.416051,314240,0.05,0.04,-0.11,-19.94,-80.44,72.25,-1.69,0.50,0.56,0.09,-0.01,0.04,143.00,52.56,306.19,0.44,0.13,-0.25,3,4
1771521994.606705,314431,0.02,0.10,-0.08,-19.81,-80.50,72.19,0.69,0.06,-0.06,0.08,-0.03,0.05,143.00,52.56,306.25,-0.94,1.00,-0.13,3,4
1771521994.795724,314620,0.01,-0.02,-0.07,-20.12,-80.62,72.62,1.94,0.31,-0.37,0.09,-0.02,0.01,143.12,52.69,306.56,-0.44,0.50,-1.37,3,4
1771521994.987485,314812,0.04,0.04,-0.19,-21.12,-80.81,72.50,-0.88,2.00,0.81,0.10,0.02,0.10,143.37,52.88,306.87,0.37,0.25,-1.12,2,4
1771521995.178779,315003,0.01,0.13,-0.17,-22.44,-80.94,72.31,0.75,-1.00,-0.19,0.11,0.02,0.00,143.50,52.94,307.00,0.19,-0.69,-0.19,2,4
1771521995.369380,315194,0.01,0.11,-0.06,-22.94,-80.75,72.12,-1.31,-0.19,0.62,0.10,0.00,0.02,143.50,52.94,306.94,0.19,0.00,-0.50,2,4
1771521995.559993,315385,0.03,0.07,-0.12,-23.44,-80.75,72.06,0.88,0.25,-1.19,0.11,0.02,0.03,143.44,53.00,307.00,-0.13,0.69,-0.06,2,3
1771521995.750654,315575,0.03,0.00,-0.10,-23.00,-80.81,72.31,-0.50,-0.75,0.69,0.11,0.00,0.07,143.44,53.00,307.00,0.13,-0.81,0.13,1,3
1771521995.941380,315766,0.02,0.07,-0.05,-23.56,-80.75,72.06,0.25,-0.81,0.00,0.09,0.00,0.04,143.50,52.88,306.94,0.19,-0.88,0.25,2,2
1771521996.132048,315957,0.02,0.00,-0.07,-23.50,-80.75,72.12,0.19,0.13,0.06,0.10,0.00,0.05,143.56,52.88,306.87,0.31,0.19,-0.50,1,2
1771521996.322751,316147,0.01,0.10,-0.07,-23.62,-80.81,72.06,0.62,0.50,-0.06,0.10,-0.02,0.06,143.56,52.88,306.87,-0.62,0.25,-0.06,1,2
1771521996.513281,316338,0.04,0.03,-0.12,-23.50,-80.81,72.25,1.12,0.00,-0.81,0.12,0.03,0.01,143.56,52.88,306.94,0.56,-0.25,0.13,2,3
1771521996.704068,316528,0.02,0.06,-0.06,-23.44,-80.69,72.12,-0.37,-1.00,0.94,0.10,-0.01,0.05,143.62,52.81,306.87,0.19,-0.56,0.44,3,3
1771521996.894805,316719,0.06,0.06,-0.08,-23.50,-80.62,72.12,0.13,-0.25,-0.19,0.09,-0.03,0.06,143.62,52.81,306.87,-0.56,0.31,0.25,4,3
1771521997.085504,316910,0.01,0.00,-0.07,-23.19,-80.62,72.19,-0.13,0.62,0.50,0.10,-0.01,0.06,143.69,52.81,306.94,0.31,0.13,-0.50,4,3
1771521997.276054,317100,0.06,0.00,-0.17,-23.31,-80.69,72.06,0.37,-0.31,0.00,0.12,-0.01,0.05,143.69,52.81,306.94,-0.37,-0.13,0.50,4,3
1771521997.466756,317291,0.05,0.00,-0.10,-23.06,-80.62,72.06,0.44,-0.88,0.13,0.10,-0.01,0.01,143.69,52.75,306.87,-0.13,-0.56,0.69,4,3
1771521997.657275,317482,0.02,0.08,-0.06,-22.94,-80.50,71.94,0.25,0.56,-0.13,0.12,-0.01,0.03,143.62,52.75,306.87,-0.25,0.56,0.44,5,4
1771521997.848218,317673,0.05,-0.01,-0.18,-22.37,-80.56,72.06,0.94,0.13,-0.75,0.12,-0.06,0.11,143.62,52.75,306.87,-0.06,0.06,0.37,5,5
1771521998.038759,317863,0.02,0.00,-0.11,-22.25,-80.50,72.06,0.00,0.06,0.56,0.10,-0.02,0.06,143.62,52.75,306.81,0.56,-0.44,0.00,5,6
1771521998.229326,318054,0.03,0.01,-0.09,-22.31,-80.44,71.94,0.56,-0.37,0.50,0.11,-0.02,0.03,143.62,52.69,306.75,-0.44,-0.19,0.13,5,6
1771521998.419874,318245,0.05,0.08,-0.10,-22.62,-80.44,71.87,0.94,-0.19,-0.25,0.08,0.00,0.00,143.62,52.69,306.75,-0.31,0.31,0.00,5,6
1771521998.610578,318435,0.05,0.14,-0.08,-22.50,-80.37,71.81,-0.25,-0.06,0.06,0.12,-0.01,0.06,143.62,52.75,306.75,0.37,0.25,0.06,5,6
1771521998.801304,318626,0.02,0.00,-0.10,-22.19,-80.44,72.00,-0.13,0.13,-0.19,0.17,-0.06,0.14,143.62,52.75,306.75,0.06,0.44,0.37,5,6
1771521998.992206,318817,0.01,0.03,-0.07,-21.81,-80.31,72.00,-0.56,0.00,0.56,0.10,-0.01,0.08,143.62,52.69,306.75,0.13,-0.37,-0.31,5,6
1771521999.182535,319007,0.00,0.11,-0.10,-22.12,-80.31,71.87,-0.44,0.06,0.62,0.12,0.00,0.06,143.62,52.69,306.75,-0.25,-0.13,0.06,5,6
1771521999.373159,319198,0.10,0.05,-0.14,-22.25,-80.31,71.87,0.31,-0.81,0.06,0.10,0.00,0.02,143.69,52.63,306.69,0.13,-1.12,0.69,5,6
1771521999.563859,319388,0.03,0.12,-0.09,-22.37,-80.12,71.75,-0.69,0.31,0.62,0.09,-0.02,0.08,143.75,52.50,306.56,0.19,-0.44,0.31,4,5
1771521999.754822,319579,-0.04,0.09,-0.11,-22.31,-80.12,71.87,0.88,0.37,-0.81,0.14,-0.02,0.07,143.81,52.50,306.62,-0.06,0.44,0.13,3,5
1771521999.945440,319770,0.06,0.07,-0.14,-21.62,-80.25,72.00,-1.12,0.56,0.37,0.12,-0.03,0.13,143.81,52.50,306.62,0.06,-0.37,0.06,3,5
1771522000.135928,319960,0.05,0.08,-0.15,-21.56,-80.31,71.94,0.37,0.19,-0.69,0.11,-0.05,0.12,143.81,52.50,306.62,-0.31,-0.31,0.25,3,4
1771522000.326741,320151,0.03,0.02,-0.11,-21.56,-80.25,72.06,-1.06,-0.94,1.00,0.12,-0.03,0.06,143.94,52.38,306.50,-0.06,-0.88,-0.19,3,5
1771522000.517102,320342,0.03,0.11,-0.11,-22.19,-80.19,71.75,-0.25,0.19,0.19,0.17,-0.01,0.12,144.00,52.31,306.44,0.06,-0.31,-0.06,2,4
1771522000.708215,320533,-0.01,0.09,-0.06,-22.25,-80.19,71.75,-0.44,-0.06,-0.37,0.11,0.00,0.07,144.06,52.25,306.50,-0.75,-0.37,-0.13,1,3
1771522000.898832,320723,0.05,0.12,-0.17,-22.37,-80.25,71.62,-0.62,-0.50,-0.37,0.06,-0.12,0.00,144.00,52.31,306.56,-0.62,0.75,1.87,1,3
1771522001.088969,320914,0.00,0.00,-0.05,-22.50,-80.06,71.81,4.37,-0.06,-0.81,0.04,0.02,0.09,143.94,52.19,306.69,0.88,0.13,0.19,1,3
1771522001.279504,321104,0.04,0.17,-0.08,-20.06,-80.37,71.87,-4.31,-0.56,-4.69,0.12,-0.07,0.15,143.12,52.13,305.94,0.56,1.44,0.75,2,3
1771522001.467940,321292,0.21,-0.14,-0.02,-22.44,-81.06,71.62,2.94,6.44,7.25,0.09,-0.08,0.19,143.19,52.56,306.37,2.56,-0.25,-3.81,2,3
1771522001.658773,321483,0.19,0.04,-0.16,-27.00,-81.56,70.87,0.19,0.19,-0.13,0.09,0.04,0.13,143.62,52.88,307.06,1.62,-0.37,-2.25,2,3
1771522001.851740,321676,0.08,0.10,-0.18,-28.75,-81.69,70.44,-0.88,1.44,1.75,0.08,0.05,0.04,144.00,53.19,307.50,-0.13,-0.19,-1.50,2,3
1771522002.042582,321867,0.05,0.05,-0.08,-30.62,-81.69,69.94,-0.13,-1.87,-0.88,0.10,0.00,0.05,144.00,53.25,307.44,-0.81,-0.31,0.06,2,2
1771522002.233119,322058,0.00,0.05,-0.04,-30.81,-81.56,69.94,0.00,-0.94,-0.31,0.09,0.00,0.05,144.00,53.31,307.56,-0.19,0.50,0.13,2,2
1771522002.424131,322248,0.03,0.04,-0.09,-30.50,-81.69,70.12,-0.25,-0.31,-0.56,0.08,-0.02,0.07,143.87,53.31,307.56,-0.25,-0.50,0.75,2,3
1771522002.614742,322439,0.05,-0.02,0.01,-30.19,-81.75,70.25,-0.06,1.50,-0.06,0.12,-0.05,0.10,143.81,53.38,307.50,-0.31,0.37,-0.69,2,3
1771522002.805283,322630,0.05,0.03,-0.11,-31.25,-81.94,70.25,0.37,-0.37,-0.25,0.10,0.02,0.16,143.87,53.50,307.62,0.81,-1.06,-0.44,3,3
1771522002.996009,322820,0.05,0.04,-0.07,-31.94,-82.06,70.12,-0.62,-1.19,2.00,0.11,0.02,0.08,144.00,53.31,307.44,-0.06,-1.19,-0.88,3,3
1771522003.186100,323010,0.13,0.00,-0.12,-33.00,-81.87,69.75,-1.87,-0.44,0.88,0.12,-0.04,0.09,144.12,53.19,307.19,-0.81,-0.94,0.81,3,3
1771522003.376765,323201,0.00,0.01,0.02,-32.81,-81.62,69.62,0.31,-0.31,0.94,0.10,0.00,0.00,144.31,53.06,307.19,-0.62,0.06,0.13,3,3
1771522003.567661,323392,0.05,0.03,-0.05,-32.88,-81.69,69.69,0.75,0.94,-1.31,0.11,-0.06,0.08,144.31,53.19,307.44,-1.00,1.19,0.25,3,3
1771522003.758743,323583,0.04,-0.07,-0.06,-32.31,-81.94,70.19,1.31,1.00,-0.75,0.11,-0.03,0.08,144.37,53.31,307.87,-0.94,0.44,0.06,3,3
1771522003.948953,323774,0.11,0.04,-0.09,-32.50,-82.00,70.37,1.94,0.13,0.25,0.11,0.01,0.09,144.62,53.31,308.31,-2.62,0.50,0.25,3,3
1771522004.139378,323964,0.02,-0.08,-0.12,-32.25,-82.25,71.00,0.37,2.25,-3.06,0.12,-0.04,0.14,144.75,53.38,308.62,0.25,-0.31,-0.75,3,4
1771522004.327738,324152,0.14,0.48,-0.19,-31.19,-82.62,71.69,5.69,0.00,-3.56,0.11,-0.08,0.21,145.06,53.19,308.69,-0.94,-4.62,-1.00,3,4
1771522004.519046,324344,-0.01,-0.34,0.05,-21.00,-82.75,77.62,31.44,-3.94,-12.13,0.08,0.08,-0.03,145.87,52.94,308.75,-1.50,0.13,0.75,4,4
1771522004.711519,324536,0.03,0.14,-0.09,-13.25,-82.87,79.75,-7.12,0.69,-0.50,0.17,-0.04,0.18,145.56,53.19,309.00,1.00,-0.44,-1.19,3,4
1771522004.902406,324727,0.00,-0.07,-0.08,-13.69,-83.12,80.25,7.87,4.50,-1.00,0.14,-0.10,0.08,145.44,53.50,309.00,-0.06,2.19,-1.31,3,4
1771522005.092760,324917,0.04,-0.09,-0.08,-1.00,-83.62,81.06,-2.62,0.94,-0.75,0.08,-0.04,0.05,145.37,53.88,309.31,1.75,-0.69,-0.56,3,4
1771522005.280842,325105,0.09,0.09,-0.19,-1.00,-83.87,80.37,-4.44,1.94,-0.69,0.10,-0.03,0.12,144.94,54.13,309.00,-0.31,1.31,0.75,3,4
1771522005.471996,325296,0.04,-0.12,-0.08,-0.94,-84.06,80.12,-4.19,0.81,-0.75,0.08,-0.05,0.05,144.69,54.13,309.06,2.06,0.50,0.06,5,5
1771522005.664494,325489,-0.03,0.09,-0.02,-1.06,-83.94,78.44,-10.06,-0.50,3.06,0.11,-0.07,0.16,144.31,54.50,309.06,0.56,2.44,-1.56,5,5
1771522005.855541,325680,0.07,-0.05,-0.08,-1.19,-84.00,77.50,-0.44,0.25,1.25,0.10,-0.07,0.06,144.44,54.94,309.44,-0.06,0.06,-1.31,5,5
1771522006.045729,325870,0.00,0.05,-0.02,-1.44,-83.69,76.94,-1.81,-1.00,1.06,0.04,-0.01,0.11,144.62,55.13,309.69,0.37,0.94,-0.94,5,5
1771522006.235530,326060,0.07,-0.02,-0.16,-1.44,-83.75,76.69,-0.62,0.13,-1.25,0.07,-0.03,0.08,144.44,55.13,309.50,1.00,-1.31,1.87,5,5
1771522006.426238,326251,0.02,-0.24,-0.02,-1.56,-83.44,76.25,-4.12,-2.87,6.06,0.11,-0.01,0.14,144.06,54.69,308.69,-0.50,-1.94,2.00,5,5
1771522006.617900,326443,0.04,0.04,-0.03,-2.19,-83.19,75.19,0.19,-1.12,-2.06,0.05,-0.01,0.07,144.19,54.38,308.37,0.19,-0.69,-0.06,4,5
1771522006.808606,326633,-0.02,0.00,-0.05,-2.06,-83.19,75.37,0.62,-0.94,-0.62,0.09,-0.02,0.12,144.37,54.38,308.56,-2.31,0.19,0.25,4,4
1771522006.999013,326823,0.13,-0.06,-0.17,-2.06,-83.44,75.56,0.56,1.69,-0.62,0.09,-0.05,0.10,144.44,54.44,308.87,-0.69,-0.88,0.37,4,4
1771522007.187391,327012,0.03,-0.04,-0.05,-2.12,-83.44,75.44,-1.69,-0.31,1.06,0.11,-0.05,0.12,144.56,54.31,308.81,0.25,-1.50,-0.44,4,4
1771522007.378402,327203,0.07,0.06,-0.06,-2.44,-83.31,74.87,-1.31,-0.69,1.25,0.08,0.01,0.06,144.81,54.19,308.75,0.19,-1.31,-0.94,2,2
1771522007.570914,327396,0.04,0.09,-0.06,-2.75,-83.19,74.25,-2.37,0.13,1.62,0.08,-0.01,0.08,144.87,54.13,308.75,-0.13,-0.31,-0.19,1,2
1771522007.761949,327586,0.03,0.05,-0.12,-24.62,-83.12,74.06,-0.19,-0.25,-1.06,0.10,-0.02,0.06,144.87,54.19,308.75,-0.31,-0.62,0.50,1,2
1771522007.952231,327777,0.05,0.04,0.00,-23.94,-83.06,74.12,-1.31,0.00,0.19,0.07,-0.05,0.08,144.81,54.19,308.75,-0.31,-0.25,0.25,1,2
1771522008.143145,327968,0.04,0.11,-0.01,-23.94,-83.00,74.06,-0.50,-0.31,0.31,0.11,-0.05,0.07,144.81,54.13,308.81,-0.06,0.44,-0.44,2,2
1771522008.334051,328159,0.05,-0.07,-0.07,-23.25,-83.12,74.19,-0.81,0.50,0.81,0.07,-0.05,0.07,144.81,54.13,308.81,0.00,-0.13,-0.31,1,2
1771522008.524747,328349,0.03,0.06,-0.05,-2.69,-83.12,74.12,0.37,1.31,0.25,0.08,-0.04,0.11,144.87,54.19,308.87,-0.69,0.37,-0.19,2,2
1771522008.715255,328540,0.06,-0.02,-0.09,-2.69,-83.37,74.25,0.25,0.81,-0.06,0.09,-0.04,0.07,144.94,54.19,308.94,-0.06,-0.06,-0.44,2,3
1771522008.905176,328730,0.08,0.09,-0.09,-2.69,-83.56,74.31,1.37,1.19,0.13,0.10,-0.01,0.10,145.12,54.25,309.12,-1.37,0.25,-0.19,2,3
1771522009.095237,328920,0.01,0.05,-0.10,-2.69,-83.75,74.75,3.00,0.69,-0.25,0.10,0.00,0.09,145.37,54.31,309.62,-0.25,0.19,-1.25,2,3
1771522009.286761,329111,0.05,0.02,-0.11,-2.56,-84.00,75.31,0.62,1.00,-0.44,0.13,-0.04,0.13,145.62,54.56,310.00,-0.69,0.88,-0.69,2,3
1771522009.477879,329302,0.08,0.04,-0.13,-2.50,-84.06,75.62,1.44,-0.50,-0.37,0.10,0.03,0.17,145.69,54.75,310.44,-0.31,0.88,-0.06,2,3
1771522009.668785,329493,0.07,-0.01,-0.10,-2.37,-84.06,75.94,0.44,-1.25,-0.19,0.11,-0.02,0.08,145.56,54.88,310.44,-0.13,-0.13,-0.37,2,3
1771522009.858840,329684,0.03,0.02,-0.04,-2.44,-84.00,75.87,-0.50,0.44,-0.19,0.12,0.00,0.07,145.50,54.94,310.44,0.00,0.00,-0.31,2,3
1771522010.049668,329874,0.04,-0.09,-0.13,-2.44,-84.06,75.94,-0.69,-0.37,0.00,0.08,0.01,0.10,145.50,55.06,310.56,0.13,-0.62,-0.50,2,3
1771522010.240267,330065,0.02,0.13,-0.09,-2.56,-83.94,75.50,-0.13,0.06,0.69,0.06,0.01,0.09,145.56,55.00,310.56,-0.19,-0.69,0.19,2,3
1771522010.430867,330256,0.04,0.04,-0.06,-2.56,-84.00,75.50,1.00,-0.25,-0.69,0.09,0.00,0.08,145.37,54.94,310.37,0.13,-0.69,0.75,2,3
1771522010.621755,330446,0.05,0.05,-0.10,-2.56,-83.94,75.44,-0.94,-0.25,0.81,0.11,-0.01,0.10,145.37,54.88,310.25,-0.31,-0.69,0.25,4,5
1771522010.812459,330637,0.05,-0.01,-0.10,-2.62,-83.87,75.31,-0.44,0.25,-0.25,0.15,-0.03,0.11,145.31,54.88,310.25,-1.00,-0.19,0.50,4,6
1771522011.002545,330827,0.04,-0.01,-0.07,-2.62,-83.87,75.31,-0.69,-0.13,1.31,0.06,-0.03,0.07,145.37,54.88,310.25,-0.44,-0.13,-0.06,4,5
1771522011.193489,331018,0.02,0.00,-0.12,-2.75,-83.81,75.00,0.25,0.88,-0.69,0.10,-0.03,0.12,145.31,54.81,310.25,-0.25,0.06,0.31,4,5
1771522011.384386,331209,0.03,-0.02,-0.07,-2.69,-83.81,75.06,0.25,-1.31,-0.37,0.08,-0.02,0.09,145.25,54.75,310.19,0.44,-0.75,0.25,4,5
1771522011.574840,331400,0.03,0.03,-0.09,-2.69,-83.69,75.00,-0.81,-0.19,0.69,0.08,-0.04,0.07,145.31,54.69,310.12,0.19,-0.88,0.13,4,5
1771522011.765584,331590,0.00,0.15,-0.08,-2.75,-83.62,74.87,-0.88,-1.19,0.69,0.05,-0.01,0.05,145.44,54.63,310.06,0.50,-0.56,-0.13,4,5
1771522011.955715,331780,0.03,-0.01,0.04,-2.69,-83.50,74.81,-2.94,-1.37,-0.19,0.07,-0.02,0.16,145.19,54.63,309.75,0.44,1.06,-0.25,4,5
1771522012.146965,331972,0.08,-0.06,-0.12,-2.62,-83.69,74.69,-1.25,-0.31,-1.06,0.08,-0.01,0.19,145.12,54.75,309.69,0.00,0.69,0.31,4,5
1771522012.337908,332162,0.06,-0.05,-0.11,-2.56,-83.69,74.81,0.69,-0.25,-0.06,0.12,0.03,0.12,145.19,54.75,309.87,-0.44,-0.25,0.44,4,6
1771522012.528409,332353,-0.04,-0.03,-0.02,-2.50,-83.62,74.81,0.37,-0.25,-1.12,0.11,-0.01,0.14,145.19,54.69,309.94,0.94,0.37,-0.56,3,4
1771522012.718211,332543,0.14,-0.12,-0.11,-2.31,-83.94,74.87,-0.88,2.06,0.37,0.09,-0.03,0.13,145.12,54.88,309.87,0.19,0.56,-1.31,2,4
1771522012.908582,332733,0.00,0.09,-0.08,-2.31,-84.06,74.56,-0.13,0.75,-1.06,0.12,0.00,0.14,145.06,55.06,310.00,0.19,1.19,-0.94,2,4
1771522013.099982,332925,0.06,0.03,-0.13,-2.06,-84.31,74.81,1.19,0.56,-1.44,0.04,-0.02,0.09,144.81,55.25,310.12,-0.62,-0.25,0.44,2,4
1771522013.290964,333115,0.01,0.03,-0.09,-2.00,-84.25,75.00,-0.44,-0.31,-0.31,0.05,-0.04,0.07,144.69,55.25,310.06,-0.25,-0.06,0.44,2,4
1771522013.481155,333306,0.06,0.00,-0.15,-1.87,-84.31,75.19,0.25,0.62,-1.00,0.07,-0.01,0.06,144.44,55.25,309.94,0.19,-0.37,0.69,2,4
1771522013.671898,333497,0.04,0.02,-0.10,-1.75,-84.37,75.31,-1.00,0.19,0.31,0.12,0.01,0.10,144.25,55.13,309.75,-0.06,-0.06,0.69,2,4
1771522013.862048,333687,0.05,-0.06,-0.12,-1.56,-84.44,75.44,-0.94,-0.31,-2.87,0.09,-0.06,0.11,144.06,55.13,309.62,0.19,0.56,1.25,2,5
1771522014.053229,333878,0.00,-0.03,-0.08,-1.19,-84.31,75.56,1.37,-1.19,-0.13,0.11,-0.05,0.15,143.94,55.06,309.56,0.25,-0.44,0.37,3,5
1771522014.244149,334069,0.05,-0.02,-0.12,-1.12,-84.25,75.56,-1.12,-0.06,-0.37,0.13,-0.01,0.22,143.81,54.94,309.25,0.69,-1.75,1.75,3,5
1771522014.434507,334259,0.15,0.06,-0.12,-0.69,-84.94,75.50,-3.06,2.94,-1.06,0.03,-0.10,0.09,143.69,55.00,309.06,-1.50,0.25,0.06,3,5
1771522014.624615,334449,0.06,0.00,-0.12,-0.81,-84.81,75.44,0.37,-5.19,0.56,0.08,0.02,0.13,143.69,54.94,309.50,-0.19,-0.25,-0.19,3,5
1771522014.813227,334638,-0.13,0.04,0.17,-0.81,-84.12,75.12,-9.06,-4.12,-0.56,-0.05,-0.18,0.05,142.75,55.25,308.56,-3.00,2.81,0.75,3,6
1771522015.004395,334829,-0.05,-0.24,-0.08,-1.12,-84.12,74.69,6.69,1.69,1.69,0.13,0.05,0.13,143.37,55.56,309.94,-2.12,1.69,-0.88,4,6
1771522015.196617,335021,0.19,0.04,-0.28,-1.00,-85.00,74.50,-0.56,2.56,-2.06,0.09,-0.01,0.16,143.19,56.06,310.31,0.31,-0.50,0.75,3,6
1771522015.387512,335212,-0.02,0.02,-0.04,-0.81,-84.87,74.75,-0.75,-2.37,-0.13,0.08,-0.02,0.10,142.87,55.75,309.81,1.19,-1.50,1.00,3,6
1771522015.577647,335402,-0.03,-0.01,-0.07,-0.69,-84.62,74.62,-1.25,-0.94,-1.75,0.09,0.00,0.15,142.37,55.69,308.87,3.81,-1.50,0.69,4,6
1771522015.765646,335591,0.07,0.04,0.06,-0.44,-84.44,74.50,1.06,-7.12,2.25,0.05,-0.10,0.07,142.06,55.13,307.87,-0.81,-3.37,1.19,4,5
1771522015.957639,335783,0.08,0.00,0.03,-0.94,-83.62,74.37,0.62,-1.69,0.31,0.10,-0.07,0.08,142.37,54.88,307.69,-0.37,0.31,-0.50,4,5
1771522016.149576,335974,0.00,-0.08,0.06,-0.81,-83.44,74.94,1.81,0.75,0.50,0.04,-0.01,0.04,142.62,55.00,307.94,-0.81,0.88,-0.69,3,5
1771522016.340313,336165,0.07,0.05,-0.10,-0.81,-83.69,74.94,0.37,1.31,0.25,0.10,-0.06,0.14,142.62,55.25,308.37,-1.06,1.25,0.06,3,5
1771522016.530523,336355,0.10,-0.10,-0.11,-0.75,-83.94,75.25,1.25,1.44,-0.62,0.07,-0.03,0.08,142.62,55.38,308.75,-0.81,0.56,0.31,3,5
1771522016.720496,336546,-0.12,0.11,0.05,-0.94,-83.94,75.12,1.87,0.44,-0.50,0.07,-0.01,0.10,142.75,55.44,309.19,0.31,0.00,0.19,3,5
1771522016.912202,336737,0.14,-0.05,-0.12,-0.69,-84.44,75.25,-0.75,-0.25,0.31,0.10,-0.02,0.16,142.69,55.44,309.06,0.94,-0.75,0.06,3,4
1771522017.103438,336928,0.02,0.04,-0.10,-0.62,-84.44,75.06,-1.12,-0.13,0.13,0.05,-0.13,0.07,142.56,55.38,308.62,-0.44,-1.06,0.31,3,4
1771522017.293602,337118,0.00,-0.06,-0.05,-0.88,-84.31,74.87,0.44,1.75,0.81,0.12,-0.03,0.10,142.87,55.31,308.87,0.56,-0.50,-0.69,3,4
1771522017.483457,337308,0.08,0.05,-0.16,-1.00,-84.44,74.50,-0.69,0.06,1.62,0.12,0.00,0.14,143.12,55.25,308.94,-0.56,-1.12,0.25,3,4
1771522017.673760,337498,0.03,0.00,-0.06,-1.19,-84.12,74.31,0.37,-2.12,0.94,0.11,-0.05,0.15,143.25,55.00,308.75,-1.00,-0.50,1.06,3,5
1771522017.865140,337690,0.03,0.04,0.00,-1.25,-83.87,74.31,-0.50,-0.25,0.44,0.09,-0.02,0.09,143.25,55.00,308.75,-0.13,0.37,-0.19,3,4
1771522018.056154,337881,-0.05,0.07,-0.02,-1.19,-84.00,74.37,2.37,2.44,-1.19,0.13,-0.05,0.17,143.31,55.13,309.12,-0.62,1.44,0.00,3,4
1771522018.246703,338071,0.12,-0.14,-0.18,-0.88,-84.31,74.94,-0.13,-2.25,0.00,0.11,-0.01,0.19,143.06,55.25,309.06,0.69,-1.50,0.75,3,4
1771522018.436438,338261,0.04,0.03,-0.10,-1.06,-83.87,74.56,-1.12,-2.50,1.31,0.11,-0.05,0.12,142.94,55.00,308.69,0.50,-1.69,0.81,3,5
1771522018.624747,338450,0.00,0.13,-0.01,-1.25,-83.44,74.19,-1.50,-2.00,1.50,0.06,-0.06,0.09,142.94,54.75,308.31,0.37,-1.31,-0.19,3,5
1771522018.817276,338642,0.07,0.08,-0.07,-1.37,-83.31,73.94,-1.44,-0.50,1.06,0.07,-0.05,0.11,143.06,54.63,308.19,-0.13,-0.56,0.25,2,5
1771522019.008884,338834,0.02,0.10,-0.07,-1.44,-83.31,73.87,0.19,1.00,-0.94,0.10,-0.02,0.13,142.94,54.69,308.19,-0.31,0.69,-0.06,2,5
1771522019.199779,339025,0.00,-0.02,-0.10,-1.31,-83.44,74.19,0.13,-0.13,0.44,0.08,0.03,0.13,142.87,54.81,308.25,-0.50,0.19,-0.75,2,5
1771522019.389556,339214,-0.02,0.16,-0.08,-1.31,-83.50,74.19,1.87,-0.19,-0.62,0.11,0.00,0.07,142.94,54.88,308.50,-0.81,0.00,0.13,2,5
1771522019.579847,339405,0.04,-0.02,-0.09,-1.25,-83.50,74.31,-0.44,-1.56,-1.19,0.10,0.00,0.17,142.87,54.88,308.44,0.25,0.13,-0.62,1,4
1771522019.770579,339595,0.10,0.00,-0.07,-1.25,-83.69,74.50,2.75,5.12,-1.94,0.04,0.00,0.11,143.00,55.38,309.06,-1.37,1.69,-1.75,1,4
1771522019.961966,339787,0.05,0.02,-0.12,-1.12,-84.25,74.87,1.31,0.31,-1.87,0.10,0.02,0.10,143.00,55.56,309.31,0.00,-0.75,-0.44,1,3
1771522020.152455,339978,0.04,0.09,-0.14,-1.12,-84.31,74.81,-1.94,0.69,1.44,0.10,-0.02,0.10,143.06,55.50,309.25,0.19,-1.81,0.62,2,3
1771522020.343420,340168,0.06,0.02,-0.09,-1.25,-84.19,74.50,-0.69,-1.12,0.44,0.16,-0.06,0.09,143.06,55.25,309.00,-0.25,-0.62,1.12,3,3
1771522020.533461,340359,0.04,0.04,-0.06,-1.31,-84.00,74.44,-1.00,-0.50,0.62,0.09,0.00,0.06,143.12,55.19,308.87,0.13,-0.56,0.25,3,3
1771522020.724424,340549,0.02,0.08,-0.08,-1.37,-84.00,74.25,0.56,0.62,-1.44,0.12,-0.01,0.15,143.00,55.19,308.87,0.06,0.44,0.69,3,2
1771522020.915458,340740,0.03,-0.07,-0.08,-1.19,-84.00,74.56,0.25,-1.00,0.13,0.12,-0.05,0.11,143.00,55.13,308.75,0.75,-0.94,0.69,3,2
1771522021.105884,340931,0.05,0.25,-0.06,-1.25,-83.75,74.37,0.56,-1.56,0.56,0.05,-0.09,0.11,143.31,55.13,308.94,-0.25,-0.75,-2.75,3,2
1771522021.295571,341121,0.04,-0.20,-0.01,-1.06,-83.69,75.31,0.00,-1.31,-0.88,0.08,-0.02,0.06,143.37,55.06,308.87,0.81,-0.62,2.00,3,2
1771522021.485650,341311,-0.01,0.13,0.00,-1.37,-83.44,74.50,-3.50,-0.81,2.19,0.08,-0.04,0.10,143.06,54.81,308.44,-0.56,-0.06,0.44,3,2
1771522021.676523,341502,0.06,0.03,-0.07,-1.50,-83.50,74.37,1.50,0.56,-1.56,0.10,-0.08,0.15,142.94,54.94,308.69,-1.69,1.25,0.75,3,2
1771522021.868071,341693,0.00,-0.25,-0.01,-1.37,-83.56,75.19,3.81,0.81,1.06,0.08,-0.01,0.10,143.19,55.00,309.25,0.06,-0.81,-1.06,5,5
1771522022.058902,341884,0.04,0.06,-0.09,-1.62,-83.69,74.62,-1.75,-0.56,3.06,0.05,-0.02,0.04,143.50,54.94,309.19,-0.19,-2.00,-0.81,5,4
1771522022.248602,342073,0.00,0.02,-0.03,-2.19,-83.37,74.06,2.00,-0.69,2.69,0.08,-0.01,0.07,144.06,54.75,309.44,-0.50,-1.87,-0.19,4,5
1771522022.438613,342264,0.10,0.10,-0.07,-2.31,-83.62,73.50,-4.37,5.44,-1.37,0.08,-0.04,0.08,144.12,54.56,309.19,-0.19,0.13,0.50,4,5
1771522022.630254,342455,0.08,-0.05,-0.03,-2.19,-83.94,73.56,2.75,-1.19,-1.81,0.08,-0.05,0.10,144.06,54.63,309.12,0.88,0.00,0.00,5,5
1771522022.821286,342646,0.01,0.07,-0.05,-2.19,-83.69,73.62,-0.19,0.19,0.62,0.10,-0.07,0.17,144.00,54.56,309.00,-0.44,-0.56,0.37,5,5
1771522023.011836,342837,0.06,-0.04,-0.03,-2.19,-83.56,73.69,0.19,0.56,0.13,0.12,-0.09,0.10,143.94,54.69,309.06,-0.88,0.44,-0.25,5,6
1771522023.201485,343026,-0.07,0.09,0.12,-2.31,-83.69,73.75,1.56,2.31,1.00,0.07,-0.06,0.07,144.19,54.81,309.37,-1.06,0.69,-2.62,5,6
1771522023.389555,343215,0.02,0.22,0.00,-2.31,-84.69,74.37,6.37,6.81,0.25,0.08,-0.09,0.12,144.75,55.50,310.75,-3.00,2.81,-3.31,5,6
1771522023.578672,343404,-0.05,0.00,0.08,-2.44,-85.69,76.37,12.81,4.81,-2.00,0.02,0.03,0.10,145.94,56.50,313.31,-5.75,4.62,-4.69,5,6
